https://www.fotocasa.es/es/comprar/viviendas/madrid-capital/la-paz/obra-nueva/l?constructionTypeIds=1&zipCode=28000,
https://www.fotocasa.es/es/comprar/viviendas/madrid-capital/recoletos/obra-nueva/l?constructionTypeIds=1&zipCode=28001,
https://www.fotocasa.es/es/comprar/viviendas/madrid-capital/ciudad-jardin/obra-nueva/l?constructionTypeIds=1&zipCode=28002,
https://www.fotocasa.es/es/comprar/viviendas/madrid-capital/vallehermoso/obra-nueva/l?constructionTypeIds=1&zipCode=28003,
https://www.fotocasa.es/es/comprar/viviendas/madrid-capital/justicia-chueca/obra-nueva/l?constructionTypeIds=1&zipCode=28004,
https://www.fotocasa.es/es/comprar/viviendas/madrid-capital/acacias/obra-nueva/l?constructionTypeIds=1&zipCode=28005,
https://www.fotocasa.es/es/comprar/viviendas/madrid-capital/castellana/obra-nueva/l?constructionTypeIds=1&zipCode=28006
https://www.fotocasa.es/es/comprar/viviendas/madrid-capital/nino-jesus/obra-nueva/l?constructionTypeIds=1&zipCode=28007,
https://www.fotocasa.es/es/comprar/viviendas/madrid-capital/casa-de-campo/obra-nueva/l?constructionTypeIds=1&zipCode=28008,
https://www.fotocasa.es/es/comprar/viviendas/madrid-capital/jeronimos/obra-nueva/l?constructionTypeIds=1&zipCode=28009,
https://www.fotocasa.es/es/comprar/viviendas/madrid-capital/almagro/obra-nueva/l?constructionTypeIds=1&zipCode=28010,
https://www.fotocasa.es/es/comprar/viviendas/madrid-capital/casa-de-campo/obra-nueva/l?constructionTypeIds=1&zipCode=28011,
https://www.fotocasa.es/es/comprar/viviendas/madrid-capital/embajadores-lavapies/obra-nueva/l?constructionTypeIds=1&zipCode=28012,
https://www.fotocasa.es/es/comprar/viviendas/madrid-capital/palacio/obra-nueva/l?constructionTypeIds=1&zipCode=28013,
https://www.fotocasa.es/es/comprar/viviendas/madrid-capital/jeronimos/obra-nueva/l?constructionTypeIds=1&zipCode=28014,
https://www.fotocasa.es/es/comprar/viviendas/madrid-capital/arapiles/obra-nueva/l?constructionTypeIds=1&zipCode=28015,
https://www.fotocasa.es/es/comprar/viviendas/madrid-capital/nueva-espana/obra-nueva/l?constructionTypeIds=1&zipCode=28016,
https://www.fotocasa.es/es/comprar/viviendas/madrid-capital/ventas/obra-nueva/l?constructionTypeIds=1&zipCode=28017,
https://www.fotocasa.es/es/comprar/viviendas/madrid-capital/palomeras-bajas/obra-nueva/l?constructionTypeIds=1&zipCode=28018,
https://www.fotocasa.es/es/comprar/viviendas/madrid-capital/san-isidro/obra-nueva/l?constructionTypeIds=1&zipCode=28019,
https://www.fotocasa.es/es/comprar/viviendas/madrid-capital/cuatro-caminos-azca/obra-nueva/l?constructionTypeIds=1&zipCode=28020,
https://www.fotocasa.es/es/comprar/viviendas/madrid-capital/san-cristobal/obra-nueva/l?constructionTypeIds=1&zipCode=28021,
https://www.fotocasa.es/es/comprar/viviendas/madrid-capital/rosas-musas/obra-nueva/l?constructionTypeIds=1&zipCode=28022,
https://www.fotocasa.es/es/comprar/viviendas/madrid-capital/valdemarin/obra-nueva/l?constructionTypeIds=1&zipCode=28023,
https://www.fotocasa.es/es/comprar/viviendas/madrid-capital/campamento/obra-nueva/l?constructionTypeIds=1&zipCode=28024,
https://www.fotocasa.es/es/comprar/viviendas/madrid-capital/puerta-bonita/obra-nueva/l?constructionTypeIds=1&zipCode=28025,
https://www.fotocasa.es/es/comprar/viviendas/madrid-capital/pradolongo/obra-nueva/l?constructionTypeIds=1&zipCode=28026,
https://www.fotocasa.es/es/comprar/viviendas/madrid-capital/concepcion/obra-nueva/l?constructionTypeIds=1&zipCode=28027,
https://www.fotocasa.es/es/comprar/viviendas/madrid-capital/guindalera/obra-nueva/l?constructionTypeIds=1&zipCode=28028,
https://www.fotocasa.es/es/comprar/viviendas/madrid-capital/la-paz/obra-nueva/l?constructionTypeIds=1&zipCode=28029,
https://www.fotocasa.es/es/comprar/viviendas/madrid-capital/vinateros/obra-nueva/l?constructionTypeIds=1&zipCode=28030,
https://www.fotocasa.es/es/comprar/viviendas/madrid-capital/ambroz/obra-nueva/l?constructionTypeIds=1&zipCode=28032,
https://www.fotocasa.es/es/comprar/viviendas/madrid-capital/pinar-del-rey/obra-nueva/l?constructionTypeIds=1&zipCode=28033,
https://www.fotocasa.es/es/comprar/viviendas/madrid-capital/tres-olivos-valverde/obra-nueva/l?constructionTypeIds=1&zipCode=28034,
https://www.fotocasa.es/es/comprar/viviendas/madrid-capital/penagrande/obra-nueva/l?constructionTypeIds=1&zipCode=28035,
https://www.fotocasa.es/es/comprar/viviendas/madrid-capital/castilla/obra-nueva/l?constructionTypeIds=1&zipCode=28036,
https://www.fotocasa.es/es/comprar/viviendas/madrid-capital/simancas/obra-nueva/l?constructionTypeIds=1&zipCode=28037,
https://www.fotocasa.es/es/comprar/viviendas/madrid-capital/portazgo/obra-nueva/l?constructionTypeIds=1&zipCode=28038,
https://www.fotocasa.es/es/comprar/viviendas/madrid-capital/berruguete/obra-nueva/l?constructionTypeIds=1&zipCode=28039,
https://www.fotocasa.es/es/comprar/viviendas/madrid-capital/ciudad-universitaria/obra-nueva/l?constructionTypeIds=1&zipCode=28040,
https://www.fotocasa.es/es/comprar/viviendas/madrid-capital/orcasur-12-de-octubre/obra-nueva/l?constructionTypeIds=1&zipCode=28041,
https://www.fotocasa.es/es/comprar/viviendas/madrid-capital/aeropuerto/obra-nueva/l?constructionTypeIds=1&zipCode=28042,
https://www.fotocasa.es/es/comprar/viviendas/madrid-capital/conde-orgaz-piovera/obra-nueva/l?constructionTypeIds=1&zipCode=28043,
https://www.fotocasa.es/es/comprar/viviendas/madrid-capital/cuatro-vientos/obra-nueva/l?constructionTypeIds=1&zipCode=28044,
https://www.fotocasa.es/es/comprar/viviendas/madrid-capital/delicias/obra-nueva/l?constructionTypeIds=1&zipCode=28045,
https://www.fotocasa.es/es/comprar/viviendas/madrid-capital/nueva-espana/obra-nueva/l?constructionTypeIds=1&zipCode=28046,
https://www.fotocasa.es/es/comprar/viviendas/madrid-capital/aluche/obra-nueva/l?constructionTypeIds=1&zipCode=28047,
https://www.fotocasa.es/es/comprar/viviendas/madrid-capital/el-pardo/obra-nueva/l?constructionTypeIds=1&zipCode=28048,
https://www.fotocasa.es/es/comprar/viviendas/madrid-capital/el-pardo/obra-nueva/l?constructionTypeIds=1&zipCode=28049,
https://www.fotocasa.es/es/comprar/viviendas/madrid-capital/sanchinarro/obra-nueva/l?constructionTypeIds=1&zipCode=28050,
https://www.fotocasa.es/es/comprar/viviendas/madrid-capital/valdecarros/obra-nueva/l?constructionTypeIds=1&zipCode=28051,
https://www.fotocasa.es/es/comprar/viviendas/madrid-capital/entrevias/obra-nueva/l?constructionTypeIds=1&zipCode=28053,
https://www.fotocasa.es/es/comprar/viviendas/madrid-capital/pau-de-carabanchel/obra-nueva/l?constructionTypeIds=1&zipCode=28054